burnName,date,y,x,lat,lon,predicted_prob
LOC-_Miller,0721,528,525,46.65216075451692,-118.75948882479206,0.6941761374473572
LOC-_Miller,0721,531,496,46.65135148415634,-118.77088640201653,0.585638701915741
LOC-_Miller,0721,524,529,46.653239781664354,-118.75791674517488,0.7418037056922913
LOC-_Miller,0721,538,516,46.649463186648326,-118.76302600393069,0.5362359285354614
LOC-_Miller,0721,544,525,46.647844645927165,-118.75948882479206,0.5891534090042114
LOC-_Miller,0721,523,485,46.65350953845122,-118.77520962096374,0.764320433139801
LOC-_Miller,0721,526,539,46.65270026809064,-118.75398654613197,0.8425001502037048
LOC-_Miller,0721,535,519,46.6502724570089,-118.76184694421781,0.5906068682670593
LOC-_Miller,0721,532,518,46.65108172736948,-118.7622399641221,0.6752265691757202
LOC-_Miller,0721,529,533,46.65189099773006,-118.75634466555772,0.6579688191413879
LOC-_Miller,0721,517,486,46.65512807917237,-118.77481660105944,0.8189324736595154
LOC-_Miller,0721,535,540,46.6502724570089,-118.75359352622768,0.5467357039451599
LOC-_Miller,0721,548,528,46.64676561877973,-118.75830976507918,0.5490148067474365
LOC-_Miller,0721,522,554,46.653779295238074,-118.74809124756759,0.6984227895736694
LOC-_Miller,0721,528,520,46.65216075451692,-118.76145392431351,0.7601178884506226
LOC-_Miller,0721,532,507,46.65108172736948,-118.76656318306931,0.699679970741272
LOC-_Miller,0721,528,505,46.65216075451692,-118.7673492228779,0.6664432883262634
LOC-_Miller,0721,527,542,46.65243051130378,-118.75280748641909,0.8248637914657593
LOC-_Miller,0721,545,531,46.64757488914031,-118.75713070536631,0.5520555377006531
LOC-_Miller,0721,534,543,46.65054221379576,-118.7524144665148,0.6328639388084412
LOC-_Miller,0721,535,528,46.6502724570089,-118.75830976507918,0.5583708882331848
LOC-_Miller,0721,533,527,46.65081197058262,-118.75870278498347,0.5628966689109802
LOC-_Miller,0721,528,526,46.65216075451692,-118.75909580488776,0.6817495226860046
LOC-_Miller,0721,507,465,46.657825647040966,-118.78307001904959,0.5091148614883423
LOC-_Miller,0721,533,518,46.65081197058262,-118.7622399641221,0.6301680207252502
LOC-_Miller,0721,543,515,46.64811440271403,-118.76341902383497,0.5982838869094849
LOC-_Miller,0721,532,552,46.65108172736948,-118.74887728737617,0.5712400078773499
LOC-_Miller,0721,534,520,46.65054221379576,-118.76145392431351,0.6365209817886353
LOC-_Miller,0721,532,525,46.65108172736948,-118.75948882479206,0.5857758522033691
LOC-_Miller,0721,530,522,46.6516212409432,-118.76066788450493,0.7316334843635559
LOC-_Miller,0721,542,538,46.648384159500885,-118.75437956603626,0.5406286120414734
LOC-_Miller,0721,530,512,46.6516212409432,-118.76459808354785,0.7846662998199463
LOC-_Miller,0721,532,508,46.65108172736948,-118.76617016316503,0.7098667025566101
LOC-_Miller,0721,533,519,46.65081197058262,-118.76184694421781,0.6265404224395752
LOC-_Miller,0721,544,534,46.647844645927165,-118.75595164565343,0.5287116765975952
LOC-_Miller,0721,526,543,46.65270026809064,-118.7524144665148,0.848966658115387
LOC-_Miller,0721,530,552,46.6516212409432,-118.74887728737617,0.6420969367027283
LOC-_Miller,0721,533,508,46.65081197058262,-118.76617016316503,0.6414267420768738
LOC-_Miller,0721,542,503,46.648384159500885,-118.76813526268649,0.5285553336143494
LOC-_Miller,0721,530,519,46.6516212409432,-118.76184694421781,0.7566107511520386
LOC-_Miller,0721,544,521,46.647844645927165,-118.76106090440922,0.6069919466972351
LOC-_Miller,0721,547,531,46.64703537556659,-118.75713070536631,0.5089894533157349
LOC-_Miller,0721,521,558,46.65404905202494,-118.74651916795041,0.5901201963424683
LOC-_Miller,0721,542,525,46.648384159500885,-118.75948882479206,0.6349843740463257
LOC-_Miller,0721,542,531,46.648384159500885,-118.75713070536631,0.5795954465866089
LOC-_Miller,0721,550,516,46.64622610520601,-118.76302600393069,0.6128861308097839
LOC-_Miller,0721,538,512,46.649463186648326,-118.76459808354785,0.5071254968643188
LOC-_Miller,0721,538,540,46.649463186648326,-118.75359352622768,0.6079782247543335
LOC-_Miller,0721,542,528,46.648384159500885,-118.75830976507918,0.6496575474739075
LOC-_Miller,0721,538,537,46.649463186648326,-118.75477258594056,0.5918394923210144
LOC-_Miller,0721,511,465,46.65674661989353,-118.78307001904959,0.5565778017044067
LOC-_Miller,0721,539,517,46.64919342986146,-118.7626329840264,0.5428726673126221
LOC-_Miller,0721,530,521,46.6516212409432,-118.76106090440922,0.7424125671386719
LOC-_Miller,0721,541,509,46.64865391628775,-118.76577714326073,0.5007894039154053
LOC-_Miller,0721,531,507,46.65135148415634,-118.76656318306931,0.7382761240005493
LOC-_Miller,0721,506,557,46.65809540382783,-118.7469121878547,0.5026042461395264
LOC-_Miller,0721,526,553,46.65270026809064,-118.74848426747188,0.6742573380470276
LOC-_Miller,0721,535,505,46.6502724570089,-118.7673492228779,0.5000183582305908
LOC-_Miller,0721,550,509,46.64622610520601,-118.76577714326073,0.5908668041229248
LOC-_Miller,0721,552,516,46.64568659163229,-118.76302600393069,0.5034958124160767
LOC-_Miller,0721,523,542,46.65350953845122,-118.75280748641909,0.9291040301322937
LOC-_Miller,0721,523,482,46.65350953845122,-118.77638868067662,0.6607283353805542
LOC-_Miller,0721,536,544,46.650002700222046,-118.75202144661051,0.604694128036499
LOC-_Miller,0721,544,518,46.647844645927165,-118.7622399641221,0.6001101136207581
LOC-_Miller,0721,535,507,46.6502724570089,-118.76656318306931,0.5093065500259399
LOC-_Miller,0721,524,536,46.653239781664354,-118.75516560584484,0.8915610313415527
LOC-_Miller,0721,530,491,46.6516212409432,-118.77285150153799,0.5189546942710876
LOC-_Miller,0721,533,500,46.65081197058262,-118.76931432239935,0.5330372452735901
LOC-_Miller,0721,530,497,46.6516212409432,-118.77049338211224,0.648262619972229
LOC-_Miller,0721,525,539,46.6529700248775,-118.75398654613197,0.8716065287590027
LOC-_Miller,0721,528,496,46.65216075451692,-118.77088640201653,0.6352059245109558
LOC-_Miller,0721,526,551,46.65270026809064,-118.74927030728045,0.7420135736465454
LOC-_Miller,0721,543,505,46.64811440271403,-118.7673492228779,0.5396806597709656
LOC-_Miller,0721,534,515,46.65054221379576,-118.76341902383497,0.6245503425598145
LOC-_Miller,0721,527,544,46.65243051130378,-118.75202144661051,0.7971153855323792
LOC-_Miller,0721,532,500,46.65108172736948,-118.76931432239935,0.6113256812095642
LOC-_Miller,0721,527,528,46.65243051130378,-118.75830976507918,0.7065922021865845
LOC-_Miller,0721,542,532,46.648384159500885,-118.75673768546201,0.557402491569519
LOC-_Miller,0721,512,556,46.65647686310667,-118.747305207759,0.5729782581329346
LOC-_Miller,0721,537,536,46.64973294343518,-118.75516560584484,0.6234749555587769
LOC-_Miller,0721,540,533,46.648923673074606,-118.75634466555772,0.6104857921600342
LOC-_Miller,0721,548,529,46.64676561877973,-118.75791674517488,0.5135101079940796
LOC-_Miller,0721,531,525,46.65135148415634,-118.75948882479206,0.6293454170227051
LOC-_Miller,0721,530,507,46.6516212409432,-118.76656318306931,0.7787674069404602
LOC-_Miller,0721,514,558,46.65593734953295,-118.74651916795041,0.6301188468933105
LOC-_Miller,0721,522,557,46.653779295238074,-118.7469121878547,0.5994114279747009
LOC-_Miller,0721,544,523,46.647844645927165,-118.76027486460065,0.5822216868400574
LOC-_Miller,0721,537,545,46.64973294343518,-118.75162842670622,0.5314459204673767
LOC-_Miller,0721,530,506,46.6516212409432,-118.7669562029736,0.7815254926681519
LOC-_Miller,0721,536,536,46.650002700222046,-118.75516560584484,0.592045783996582
LOC-_Miller,0721,531,535,46.65135148415634,-118.75555862574913,0.5841026902198792
LOC-_Miller,0721,537,529,46.64973294343518,-118.75791674517488,0.5654231309890747
LOC-_Miller,0721,535,537,46.6502724570089,-118.75477258594056,0.5742599964141846
LOC-_Miller,0721,523,551,46.65350953845122,-118.74927030728045,0.7501938343048096
LOC-_Miller,0721,521,486,46.65404905202494,-118.77481660105944,0.7960274815559387
LOC-_Miller,0721,531,522,46.65135148415634,-118.76066788450493,0.6734176278114319
LOC-_Miller,0721,525,525,46.6529700248775,-118.75948882479206,0.7480399012565613
LOC-_Miller,0721,513,555,46.65620710631981,-118.74769822766329,0.729209303855896
LOC-_Miller,0721,522,478,46.653779295238074,-118.77796076029378,0.6389893889427185
LOC-_Miller,0721,526,524,46.65270026809064,-118.75988184469635,0.773688018321991
LOC-_Miller,0721,531,519,46.65135148415634,-118.76184694421781,0.707351803779602
LOC-_Miller,0721,541,517,46.64865391628775,-118.7626329840264,0.5546748042106628
LOC-_Miller,0721,546,521,46.64730513235345,-118.76106090440922,0.531390368938446
LOC-_Miller,0721,517,555,46.65512807917237,-118.74769822766329,0.69563889503479
LOC-_Miller,0721,531,500,46.65135148415634,-118.76931432239935,0.6462709307670593
LOC-_Miller,0721,542,502,46.648384159500885,-118.76852828259078,0.5090186595916748
LOC-_Miller,0721,538,527,46.649463186648326,-118.75870278498347,0.6139926910400391
LOC-_Miller,0721,531,503,46.65135148415634,-118.76813526268649,0.7245175242424011
LOC-_Miller,0721,515,487,46.65566759274609,-118.77442358115516,0.8997081518173218
LOC-_Miller,0721,531,553,46.65135148415634,-118.74848426747188,0.5797967910766602
LOC-_Miller,0721,536,527,46.650002700222046,-118.75870278498347,0.5695174336433411
LOC-_Miller,0721,531,536,46.65135148415634,-118.75516560584484,0.6086505055427551
LOC-_Miller,0721,517,557,46.65512807917237,-118.7469121878547,0.6559031009674072
LOC-_Miller,0721,536,540,46.650002700222046,-118.75359352622768,0.5965892672538757
LOC-_Miller,0721,531,516,46.65135148415634,-118.76302600393069,0.736781895160675
LOC-_Miller,0721,532,504,46.65108172736948,-118.76774224278219,0.6725081205368042
LOC-_Miller,0721,530,494,46.6516212409432,-118.77167244182512,0.5826815962791443
LOC-_Miller,0721,528,487,46.65216075451692,-118.77442358115516,0.5106015205383301
LOC-_Miller,0721,529,548,46.65189099773006,-118.75044936699334,0.671845018863678
LOC-_Miller,0721,515,465,46.65566759274609,-118.78307001904959,0.5233489274978638
LOC-_Miller,0721,523,556,46.65350953845122,-118.747305207759,0.5876986384391785
LOC-_Miller,0721,551,522,46.64595634841915,-118.76066788450493,0.5445778369903564
LOC-_Miller,0721,545,528,46.64757488914031,-118.75830976507918,0.5562653541564941
LOC-_Miller,0721,534,541,46.65054221379576,-118.75320050632338,0.5684463381767273
LOC-_Miller,0721,520,558,46.654318808811794,-118.74651916795041,0.6002918481826782
LOC-_Miller,0721,495,475,46.66106272848328,-118.77913982000666,0.5381742119789124
LOC-_Miller,0721,527,554,46.65243051130378,-118.74809124756759,0.6376727223396301
LOC-_Miller,0721,540,531,46.648923673074606,-118.75713070536631,0.5987371206283569
LOC-_Miller,0721,549,524,46.64649586199287,-118.75988184469635,0.5606058835983276
LOC-_Miller,0721,539,529,46.64919342986146,-118.75791674517488,0.6470687389373779
LOC-_Miller,0721,525,555,46.6529700248775,-118.74769822766329,0.6657842993736267
LOC-_Miller,0721,513,558,46.65620710631981,-118.74651916795041,0.6058773398399353
LOC-_Miller,0721,541,526,46.64865391628775,-118.75909580488776,0.6245251297950745
LOC-_Miller,0721,526,548,46.65270026809064,-118.75044936699334,0.7653487920761108
LOC-_Miller,0721,538,520,46.649463186648326,-118.76145392431351,0.5669431686401367
LOC-_Miller,0721,525,548,46.6529700248775,-118.75044936699334,0.7940499782562256
LOC-_Miller,0721,530,508,46.6516212409432,-118.76617016316503,0.7769066095352173
LOC-_Miller,0721,535,506,46.6502724570089,-118.7669562029736,0.5154812335968018
LOC-_Miller,0721,534,524,46.65054221379576,-118.75988184469635,0.5962636470794678
LOC-_Miller,0721,543,532,46.64811440271403,-118.75673768546201,0.5322928428649902
LOC-_Miller,0721,526,554,46.65270026809064,-118.74809124756759,0.6683593988418579
LOC-_Miller,0721,535,529,46.6502724570089,-118.75791674517488,0.535971462726593
LOC-_Miller,0721,530,527,46.6516212409432,-118.75870278498347,0.6382512450218201
LOC-_Miller,0721,528,536,46.65216075451692,-118.75516560584484,0.7498897314071655
LOC-_Miller,0721,528,519,46.65216075451692,-118.76184694421781,0.7580199241638184
LOC-_Miller,0721,531,541,46.65135148415634,-118.75320050632338,0.7039467692375183
LOC-_Miller,0721,512,465,46.65647686310667,-118.78307001904959,0.5795121788978577
LOC-_Miller,0721,533,552,46.65081197058262,-118.74887728737617,0.5194056630134583
LOC-_Miller,0721,526,533,46.65270026809064,-118.75634466555772,0.7304274439811707
LOC-_Miller,0721,530,553,46.6516212409432,-118.74848426747188,0.6057690382003784
LOC-_Miller,0721,537,531,46.64973294343518,-118.75713070536631,0.595119059085846
LOC-_Miller,0721,537,511,46.64973294343518,-118.76499110345215,0.5139826536178589
LOC-_Miller,0721,527,531,46.65243051130378,-118.75713070536631,0.6776180863380432
LOC-_Miller,0721,525,529,46.6529700248775,-118.75791674517488,0.7384835481643677
LOC-_Miller,0721,512,555,46.65647686310667,-118.74769822766329,0.588275671005249
LOC-_Miller,0721,529,547,46.65189099773006,-118.75084238689763,0.6486530303955078
LOC-_Miller,0721,512,466,46.65647686310667,-118.7826769991453,0.6007127165794373
LOC-_Miller,0721,529,524,46.65189099773006,-118.75988184469635,0.6966231465339661
LOC-_Miller,0721,541,519,46.64865391628775,-118.76184694421781,0.5817447900772095
LOC-_Miller,0721,533,531,46.65081197058262,-118.75713070536631,0.5055607557296753
LOC-_Miller,0721,524,552,46.653239781664354,-118.74887728737617,0.6990659236907959
LOC-_Miller,0721,531,513,46.65135148415634,-118.76420506364356,0.7510889768600464
LOC-_Miller,0721,526,486,46.65270026809064,-118.77481660105944,0.5836563110351562
LOC-_Miller,0721,531,534,46.65135148415634,-118.75595164565343,0.5730689764022827
LOC-_Miller,0721,524,533,46.653239781664354,-118.75634466555772,0.7900997400283813
LOC-_Miller,0721,546,512,46.64730513235345,-118.76459808354785,0.5004597902297974
LOC-_Miller,0721,550,514,46.64622610520601,-118.76381204373926,0.5962575078010559
LOC-_Miller,0721,532,532,46.65108172736948,-118.75673768546201,0.5158562064170837
LOC-_Miller,0721,527,491,46.65243051130378,-118.77285150153799,0.6007846593856812
LOC-_Miller,0721,507,557,46.657825647040966,-118.7469121878547,0.5031619668006897
LOC-_Miller,0721,528,493,46.65216075451692,-118.7720654617294,0.5925345420837402
LOC-_Miller,0721,547,529,46.64703537556659,-118.75791674517488,0.5544552803039551
LOC-_Miller,0721,542,527,46.648384159500885,-118.75870278498347,0.6485647559165955
LOC-_Miller,0721,550,524,46.64622610520601,-118.75988184469635,0.5839079022407532
LOC-_Miller,0721,549,511,46.64649586199287,-118.76499110345215,0.5338931083679199
LOC-_Miller,0721,525,546,46.6529700248775,-118.75123540680192,0.8021432161331177
LOC-_Miller,0721,543,519,46.64811440271403,-118.76184694421781,0.6021702289581299
LOC-_Miller,0721,528,524,46.65216075451692,-118.75988184469635,0.7133587002754211
LOC-_Miller,0721,529,534,46.65189099773006,-118.75595164565343,0.6787846684455872
LOC-_Miller,0721,533,534,46.65081197058262,-118.75595164565343,0.5608091950416565
LOC-_Miller,0721,533,502,46.65081197058262,-118.76852828259078,0.5649141073226929
LOC-_Miller,0721,532,549,46.65108172736948,-118.75005634708904,0.6586918830871582
LOC-_Miller,0721,530,492,46.6516212409432,-118.77245848163369,0.5284838676452637
LOC-_Miller,0721,524,553,46.653239781664354,-118.74848426747188,0.6644001007080078
LOC-_Miller,0721,528,518,46.65216075451692,-118.7622399641221,0.7483665347099304
LOC-_Miller,0721,530,515,46.6516212409432,-118.76341902383497,0.7648262977600098
LOC-_Miller,0721,541,520,46.64865391628775,-118.76145392431351,0.5856566429138184
LOC-_Miller,0721,534,506,46.65054221379576,-118.7669562029736,0.5664026141166687
LOC-_Miller,0721,509,464,46.65728613346725,-118.78346303895387,0.5146676301956177
LOC-_Miller,0721,531,495,46.65135148415634,-118.77127942192082,0.5735535621643066
LOC-_Miller,0721,532,528,46.65108172736948,-118.75830976507918,0.5875608921051025
LOC-_Miller,0721,524,537,46.653239781664354,-118.75477258594056,0.8940901756286621
LOC-_Miller,0721,529,537,46.65189099773006,-118.75477258594056,0.7204772233963013
LOC-_Miller,0721,525,540,46.6529700248775,-118.75359352622768,0.8839720487594604
LOC-_Miller,0721,530,550,46.6516212409432,-118.74966332718475,0.7023352980613708
LOC-_Miller,0721,527,521,46.65243051130378,-118.76106090440922,0.7703560590744019
LOC-_Miller,0721,526,545,46.65270026809064,-118.75162842670622,0.8099309802055359
LOC-_Miller,0721,533,550,46.65081197058262,-118.74966332718475,0.5314586162567139
LOC-_Miller,0721,526,531,46.65270026809064,-118.75713070536631,0.7163254022598267
LOC-_Miller,0721,529,521,46.65189099773006,-118.76106090440922,0.7365935444831848
LOC-_Miller,0721,542,526,46.648384159500885,-118.75909580488776,0.6403357982635498
LOC-_Miller,0721,524,531,46.653239781664354,-118.75713070536631,0.7520512342453003
LOC-_Miller,0721,540,517,46.648923673074606,-118.7626329840264,0.5158487558364868
LOC-_Miller,0721,529,518,46.65189099773006,-118.7622399641221,0.746102511882782
LOC-_Miller,0721,524,548,46.653239781664354,-118.75044936699334,0.7912170886993408
LOC-_Miller,0721,525,536,46.6529700248775,-118.75516560584484,0.8612971901893616
LOC-_Miller,0721,525,535,46.6529700248775,-118.75555862574913,0.8537902235984802
LOC-_Miller,0721,540,540,46.648923673074606,-118.75359352622768,0.5999319553375244
LOC-_Miller,0721,514,560,46.65593734953295,-118.74573312814184,0.500941812992096
LOC-_Miller,0721,515,557,46.65566759274609,-118.7469121878547,0.6843065619468689
LOC-_Miller,0721,525,551,46.6529700248775,-118.74927030728045,0.7430770397186279
LOC-_Miller,0721,543,509,46.64811440271403,-118.76577714326073,0.5757803916931152
LOC-_Miller,0721,524,534,46.653239781664354,-118.75595164565343,0.8333906531333923
LOC-_Miller,0721,538,526,46.649463186648326,-118.75909580488776,0.6153424382209778
LOC-_Miller,0721,523,549,46.65350953845122,-118.75005634708904,0.8239482045173645
LOC-_Miller,0721,525,542,46.6529700248775,-118.75280748641909,0.8658409118652344
LOC-_Miller,0721,542,535,46.648384159500885,-118.75555862574913,0.5428841710090637
LOC-_Miller,0721,550,517,46.64622610520601,-118.7626329840264,0.6073849201202393
LOC-_Miller,0721,523,553,46.65350953845122,-118.74848426747188,0.7028695940971375
LOC-_Miller,0721,529,539,46.65189099773006,-118.75398654613197,0.70399409532547
LOC-_Miller,0721,539,528,46.64919342986146,-118.75830976507918,0.6320387125015259
LOC-_Miller,0721,529,552,46.65189099773006,-118.74887728737617,0.6318358778953552
LOC-_Miller,0721,551,510,46.64595634841915,-118.76538412335644,0.5543683171272278
LOC-_Miller,0721,529,541,46.65189099773006,-118.75320050632338,0.7412300109863281
LOC-_Miller,0721,535,526,46.6502724570089,-118.75909580488776,0.5595750212669373
LOC-_Miller,0721,525,488,46.6529700248775,-118.77403056125087,0.6973375082015991
LOC-_Miller,0721,530,498,46.6516212409432,-118.77010036220794,0.6580778360366821
LOC-_Miller,0721,526,549,46.65270026809064,-118.75005634708904,0.7437222003936768
LOC-_Miller,0721,532,533,46.65108172736948,-118.75634466555772,0.5441226363182068
LOC-_Miller,0721,531,521,46.65135148415634,-118.76106090440922,0.6922606229782104
LOC-_Miller,0721,546,517,46.64730513235345,-118.7626329840264,0.5162011981010437
LOC-_Miller,0721,546,515,46.64730513235345,-118.76341902383497,0.5077702403068542
LOC-_Miller,0721,542,506,46.648384159500885,-118.7669562029736,0.5765352249145508
LOC-_Miller,0721,552,517,46.64568659163229,-118.7626329840264,0.5045819282531738
LOC-_Miller,0721,533,507,46.65081197058262,-118.76656318306931,0.6148137450218201
LOC-_Miller,0721,543,511,46.64811440271403,-118.76499110345215,0.6014382243156433
LOC-_Miller,0721,539,536,46.64919342986146,-118.75516560584484,0.5809290409088135
LOC-_Miller,0721,535,508,46.6502724570089,-118.76617016316503,0.5092257857322693
LOC-_Miller,0721,528,498,46.65216075451692,-118.77010036220794,0.6389366984367371
LOC-_Miller,0721,544,535,46.647844645927165,-118.75555862574913,0.5308423042297363
LOC-_Miller,0721,533,523,46.65081197058262,-118.76027486460065,0.5947664976119995
LOC-_Miller,0721,539,538,46.64919342986146,-118.75437956603626,0.5407465696334839
LOC-_Miller,0721,521,556,46.65404905202494,-118.747305207759,0.6650039553642273
LOC-_Miller,0721,529,505,46.65189099773006,-118.7673492228779,0.7000565528869629
LOC-_Miller,0721,519,485,46.65458856559865,-118.77520962096374,0.7946172952651978
LOC-_Miller,0721,524,543,46.653239781664354,-118.7524144665148,0.895401656627655
LOC-_Miller,0721,525,532,46.6529700248775,-118.75673768546201,0.756429135799408
LOC-_Miller,0721,542,512,46.648384159500885,-118.76459808354785,0.6340170502662659
LOC-_Miller,0721,527,520,46.65243051130378,-118.76145392431351,0.7735319137573242
LOC-_Miller,0721,533,539,46.65081197058262,-118.75398654613197,0.6124851703643799
LOC-_Miller,0721,506,467,46.65809540382783,-118.782283979241,0.5740084648132324
LOC-_Miller,0721,525,543,46.6529700248775,-118.7524144665148,0.8750045895576477
LOC-_Miller,0721,529,502,46.65189099773006,-118.76852828259078,0.6423665881156921
LOC-_Miller,0721,529,546,46.65189099773006,-118.75123540680192,0.6704514026641846
LOC-_Miller,0721,541,529,46.64865391628775,-118.75791674517488,0.6171389818191528
LOC-_Miller,0721,535,513,46.6502724570089,-118.76420506364356,0.585167407989502
LOC-_Miller,0721,529,514,46.65189099773006,-118.76381204373926,0.756496787071228
LOC-_Miller,0721,536,524,46.650002700222046,-118.75988184469635,0.5760974287986755
LOC-_Miller,0721,520,552,46.654318808811794,-118.74887728737617,0.7941144704818726
LOC-_Miller,0721,528,533,46.65216075451692,-118.75634466555772,0.6756601929664612
LOC-_Miller,0721,539,513,46.64919342986146,-118.76420506364356,0.505457878112793
LOC-_Miller,0721,532,503,46.65108172736948,-118.76813526268649,0.6741877794265747
LOC-_Miller,0721,535,517,46.6502724570089,-118.7626329840264,0.6008273363113403
LOC-_Miller,0721,512,558,46.65647686310667,-118.74651916795041,0.5330331921577454
LOC-_Miller,0721,541,540,46.64865391628775,-118.75359352622768,0.5502994060516357
LOC-_Miller,0721,527,550,46.65243051130378,-118.74966332718475,0.7057097554206848
LOC-_Miller,0721,543,520,46.64811440271403,-118.76145392431351,0.6167293787002563
LOC-_Miller,0721,529,550,46.65189099773006,-118.74966332718475,0.6719115972518921
LOC-_Miller,0721,514,465,46.65593734953295,-118.78307001904959,0.507217288017273
LOC-_Miller,0721,495,474,46.66106272848328,-118.77953283991096,0.5550455451011658
LOC-_Miller,0721,534,540,46.65054221379576,-118.75359352622768,0.5679537057876587
LOC-_Miller,0721,531,497,46.65135148415634,-118.77049338211224,0.6265373826026917
LOC-_Miller,0721,523,483,46.65350953845122,-118.77599566077232,0.6941862106323242
LOC-_Miller,0721,528,549,46.65216075451692,-118.75005634708904,0.6882147789001465
LOC-_Miller,0721,540,532,46.648923673074606,-118.75673768546201,0.6065157651901245
LOC-_Miller,0721,525,526,46.6529700248775,-118.75909580488776,0.7603911757469177
LOC-_Miller,0721,543,518,46.64811440271403,-118.7622399641221,0.5877674221992493
LOC-_Miller,0721,547,528,46.64703537556659,-118.75830976507918,0.5616310238838196
LOC-_Miller,0721,513,557,46.65620710631981,-118.7469121878547,0.6810086369514465
LOC-_Miller,0721,535,549,46.6502724570089,-118.75005634708904,0.5110275149345398
LOC-_Miller,0721,525,537,46.6529700248775,-118.75477258594056,0.8619179129600525
LOC-_Miller,0721,526,536,46.65270026809064,-118.75516560584484,0.8068472743034363
LOC-_Miller,0721,533,501,46.65081197058262,-118.76892130249507,0.5472371578216553
LOC-_Miller,0721,526,527,46.65270026809064,-118.75870278498347,0.736293613910675
LOC-_Miller,0721,533,543,46.65081197058262,-118.7524144665148,0.6490822434425354
LOC-_Miller,0721,524,550,46.653239781664354,-118.74966332718475,0.7239357829093933
LOC-_Miller,0721,528,512,46.65216075451692,-118.76459808354785,0.7204686403274536
LOC-_Miller,0721,537,512,46.64973294343518,-118.76459808354785,0.5284008383750916
LOC-_Miller,0721,536,541,46.650002700222046,-118.75320050632338,0.638670027256012
LOC-_Miller,0721,519,558,46.65458856559865,-118.74651916795041,0.5811643004417419
LOC-_Miller,0721,544,511,46.647844645927165,-118.76499110345215,0.5369782447814941
LOC-_Miller,0721,510,464,46.65701637668039,-118.78346303895387,0.5266238451004028
LOC-_Miller,0721,525,554,46.6529700248775,-118.74809124756759,0.6651319861412048
LOC-_Miller,0721,549,517,46.64649586199287,-118.7626329840264,0.5546666383743286
LOC-_Miller,0721,518,549,46.654858322385515,-118.75005634708904,0.8262234926223755
LOC-_Miller,0721,533,547,46.65081197058262,-118.75084238689763,0.586955726146698
LOC-_Miller,0721,521,485,46.65404905202494,-118.77520962096374,0.7931450605392456
LOC-_Miller,0721,549,530,46.64649586199287,-118.7575237252706,0.51177579164505
LOC-_Miller,0721,522,551,46.653779295238074,-118.74927030728045,0.8192938566207886
LOC-_Miller,0721,522,487,46.653779295238074,-118.77442358115516,0.8076175451278687
LOC-_Miller,0721,534,531,46.65054221379576,-118.75713070536631,0.5191088318824768
LOC-_Miller,0721,528,514,46.65216075451692,-118.76381204373926,0.7408264875411987
LOC-_Miller,0721,529,523,46.65189099773006,-118.76027486460065,0.7018334269523621
LOC-_Miller,0721,546,525,46.64730513235345,-118.75948882479206,0.5695616006851196
LOC-_Miller,0721,517,553,46.65512807917237,-118.74848426747188,0.7399054169654846
LOC-_Miller,0721,521,547,46.65404905202494,-118.75084238689763,0.884055495262146
LOC-_Miller,0721,532,547,46.65108172736948,-118.75084238689763,0.6460485458374023
LOC-_Miller,0721,534,504,46.65054221379576,-118.76774224278219,0.5432280898094177
LOC-_Miller,0721,547,525,46.64703537556659,-118.75948882479206,0.5471962094306946
LOC-_Miller,0721,542,534,46.648384159500885,-118.75595164565343,0.5413264632225037
LOC-_Miller,0721,538,536,46.649463186648326,-118.75516560584484,0.6152917742729187
LOC-_Miller,0721,524,484,46.653239781664354,-118.77560264086803,0.6844368577003479
LOC-_Miller,0721,540,527,46.648923673074606,-118.75870278498347,0.6193691492080688
LOC-_Miller,0721,528,530,46.65216075451692,-118.7575237252706,0.6385430693626404
LOC-_Miller,0721,522,472,46.653779295238074,-118.78031887971954,0.5171496868133545
LOC-_Miller,0721,550,523,46.64622610520601,-118.76027486460065,0.5882619619369507
LOC-_Miller,0721,526,526,46.65270026809064,-118.75909580488776,0.7529456615447998
LOC-_Miller,0721,529,531,46.65189099773006,-118.75713070536631,0.605480968952179
LOC-_Miller,0721,535,510,46.6502724570089,-118.76538412335644,0.5546261668205261
LOC-_Miller,0721,550,505,46.64622610520601,-118.7673492228779,0.5076486468315125
LOC-_Miller,0721,516,558,46.655397835959235,-118.74651916795041,0.5811746120452881
LOC-_Miller,0721,541,524,46.64865391628775,-118.75988184469635,0.5894169211387634
LOC-_Miller,0721,520,548,46.654318808811794,-118.75044936699334,0.8458230495452881
LOC-_Miller,0721,528,494,46.65216075451692,-118.77167244182512,0.6114066243171692
LOC-_Miller,0721,523,544,46.65350953845122,-118.75202144661051,0.9093683362007141
LOC-_Miller,0721,524,540,46.653239781664354,-118.75359352622768,0.9128142595291138
LOC-_Miller,0721,529,530,46.65189099773006,-118.7575237252706,0.6064723134040833
LOC-_Miller,0721,531,531,46.65135148415634,-118.75713070536631,0.5598616003990173
LOC-_Miller,0721,541,528,46.64865391628775,-118.75830976507918,0.6204570531845093
LOC-_Miller,0721,533,515,46.65081197058262,-118.76341902383497,0.6296679377555847
LOC-_Miller,0721,538,524,46.649463186648326,-118.75988184469635,0.6050899028778076
LOC-_Miller,0721,520,486,46.654318808811794,-118.77481660105944,0.8102636933326721
LOC-_Miller,0721,528,553,46.65216075451692,-118.74848426747188,0.6499589681625366
LOC-_Miller,0721,528,489,46.65216075451692,-118.77363754134657,0.5510401129722595
LOC-_Miller,0721,528,522,46.65216075451692,-118.76066788450493,0.7367947697639465
LOC-_Miller,0721,549,528,46.64649586199287,-118.75830976507918,0.5411036610603333
LOC-_Miller,0721,529,498,46.65189099773006,-118.77010036220794,0.6245746612548828
LOC-_Miller,0721,546,516,46.64730513235345,-118.76302600393069,0.5186359882354736
LOC-_Miller,0721,549,520,46.64649586199287,-118.76145392431351,0.5709366798400879
LOC-_Miller,0721,515,559,46.65566759274609,-118.74612614804613,0.5414409637451172
LOC-_Miller,0721,532,551,46.65108172736948,-118.74927030728045,0.5844805836677551
LOC-_Miller,0721,514,464,46.65593734953295,-118.78346303895387,0.5016690492630005
LOC-_Miller,0721,538,530,46.649463186648326,-118.7575237252706,0.6415573358535767
LOC-_Miller,0721,551,517,46.64595634841915,-118.7626329840264,0.5590187311172485
LOC-_Miller,0721,516,487,46.655397835959235,-118.77442358115516,0.8573373556137085
LOC-_Miller,0721,532,541,46.65108172736948,-118.75320050632338,0.7147018313407898
LOC-_Miller,0721,537,517,46.64973294343518,-118.7626329840264,0.5433340072631836
LOC-_Miller,0721,535,534,46.6502724570089,-118.75595164565343,0.5353737473487854
LOC-_Miller,0721,523,547,46.65350953845122,-118.75084238689763,0.8410018086433411
LOC-_Miller,0721,524,556,46.653239781664354,-118.747305207759,0.5964033007621765
LOC-_Miller,0721,546,531,46.64730513235345,-118.75713070536631,0.5376187562942505
LOC-_Miller,0721,549,527,46.64649586199287,-118.75870278498347,0.5465250015258789
LOC-_Miller,0721,545,518,46.64757488914031,-118.7622399641221,0.5344304442405701
LOC-_Miller,0721,548,525,46.64676561877973,-118.75948882479206,0.5499414801597595
LOC-_Miller,0721,542,504,46.648384159500885,-118.76774224278219,0.5520116090774536
LOC-_Miller,0721,542,515,46.648384159500885,-118.76341902383497,0.6309953927993774
LOC-_Miller,0721,530,551,46.6516212409432,-118.74927030728045,0.6627420783042908
LOC-_Miller,0721,540,535,46.648923673074606,-118.75555862574913,0.5812086462974548
LOC-_Miller,0721,529,544,46.65189099773006,-118.75202144661051,0.7127282619476318
LOC-_Miller,0721,542,530,46.648384159500885,-118.7575237252706,0.6083510518074036
LOC-_Miller,0721,529,554,46.65189099773006,-118.74809124756759,0.5551178455352783
LOC-_Miller,0721,539,532,46.64919342986146,-118.75673768546201,0.6313428282737732
LOC-_Miller,0721,537,532,46.64973294343518,-118.75673768546201,0.6177223324775696
LOC-_Miller,0721,548,519,46.64676561877973,-118.76184694421781,0.5084860920906067
LOC-_Miller,0721,527,547,46.65243051130378,-118.75084238689763,0.7302622199058533
LOC-_Miller,0721,543,516,46.64811440271403,-118.76302600393069,0.6052797436714172
LOC-_Miller,0721,528,532,46.65216075451692,-118.75673768546201,0.6518954634666443
LOC-_Miller,0721,539,542,46.64919342986146,-118.75280748641909,0.6128260493278503
LOC-_Miller,0721,536,520,46.650002700222046,-118.76145392431351,0.5970882177352905
LOC-_Miller,0721,531,498,46.65135148415634,-118.77010036220794,0.6360907554626465
LOC-_Miller,0721,508,465,46.65755589025411,-118.78307001904959,0.5249980092048645
LOC-_Miller,0721,525,527,46.6529700248775,-118.75870278498347,0.7490891218185425
LOC-_Miller,0721,513,464,46.65620710631981,-118.78346303895387,0.5427516102790833
LOC-_Miller,0721,519,487,46.65458856559865,-118.77442358115516,0.8374990820884705
LOC-_Miller,0721,522,546,46.653779295238074,-118.75123540680192,0.8942333459854126
LOC-_Miller,0721,525,485,46.6529700248775,-118.77520962096374,0.6487891674041748
LOC-_Miller,0721,541,512,46.64865391628775,-118.76459808354785,0.5433129072189331
LOC-_Miller,0721,535,516,46.6502724570089,-118.76302600393069,0.5980179309844971
LOC-_Miller,0721,545,529,46.64757488914031,-118.75791674517488,0.5380433201789856
LOC-_Miller,0721,529,522,46.65189099773006,-118.76066788450493,0.7304045557975769
LOC-_Miller,0721,520,550,46.654318808811794,-118.74966332718475,0.8291230201721191
LOC-_Miller,0721,540,521,46.648923673074606,-118.76106090440922,0.5720213055610657
LOC-_Miller,0721,534,532,46.65054221379576,-118.75673768546201,0.5016721487045288
LOC-_Miller,0721,529,491,46.65189099773006,-118.77285150153799,0.5404855012893677
LOC-_Miller,0721,529,553,46.65189099773006,-118.74848426747188,0.6451850533485413
LOC-_Miller,0721,538,534,46.649463186648326,-118.75595164565343,0.6485717296600342
LOC-_Miller,0721,524,557,46.653239781664354,-118.7469121878547,0.5807881951332092
LOC-_Miller,0721,516,556,46.655397835959235,-118.747305207759,0.6632222533226013
LOC-_Miller,0721,542,505,46.648384159500885,-118.7673492228779,0.5564960837364197
LOC-_Miller,0721,544,533,46.647844645927165,-118.75634466555772,0.5240495204925537
LOC-_Miller,0721,546,532,46.64730513235345,-118.75673768546201,0.5347065925598145
LOC-_Miller,0721,529,513,46.65189099773006,-118.76420506364356,0.7494962215423584
LOC-_Miller,0721,546,505,46.64730513235345,-118.7673492228779,0.500546395778656
LOC-_Miller,0721,539,515,46.64919342986146,-118.76341902383497,0.5096939206123352
LOC-_Miller,0721,537,534,46.64973294343518,-118.75595164565343,0.6252807378768921
LOC-_Miller,0721,526,544,46.65270026809064,-118.75202144661051,0.8269614577293396
LOC-_Miller,0721,530,554,46.6516212409432,-118.74809124756759,0.5214532613754272
LOC-_Miller,0721,529,488,46.65189099773006,-118.77403056125087,0.5430513024330139
LOC-_Miller,0721,551,511,46.64595634841915,-118.76499110345215,0.5602827668190002
LOC-_Miller,0721,521,560,46.65404905202494,-118.74573312814184,0.5052194595336914
LOC-_Miller,0721,525,538,46.6529700248775,-118.75437956603626,0.8596665859222412
LOC-_Miller,0721,532,499,46.65108172736948,-118.76970734230365,0.6047343015670776
LOC-_Miller,0721,538,535,46.649463186648326,-118.75555862574913,0.6181936860084534
LOC-_Miller,0721,531,506,46.65135148415634,-118.7669562029736,0.7398508787155151
LOC-_Miller,0721,532,511,46.65108172736948,-118.76499110345215,0.7254275679588318
LOC-_Miller,0721,549,513,46.64649586199287,-118.76420506364356,0.5290758013725281
LOC-_Miller,0721,535,512,46.6502724570089,-118.76459808354785,0.5803284645080566
LOC-_Miller,0721,537,537,46.64973294343518,-118.75477258594056,0.6241199374198914
LOC-_Miller,0721,536,530,46.650002700222046,-118.7575237252706,0.5375999808311462
LOC-_Miller,0721,528,523,46.65216075451692,-118.76027486460065,0.7238035202026367
LOC-_Miller,0721,495,476,46.66106272848328,-118.77874680010237,0.5354973673820496
LOC-_Miller,0721,523,487,46.65350953845122,-118.77442358115516,0.7967157363891602
LOC-_Miller,0721,524,487,46.653239781664354,-118.77442358115516,0.7429220676422119
LOC-_Miller,0721,535,511,46.6502724570089,-118.76499110345215,0.5673686265945435
LOC-_Miller,0721,547,519,46.64703537556659,-118.76184694421781,0.5074818134307861
LOC-_Miller,0721,541,525,46.64865391628775,-118.75948882479206,0.6090520620346069
LOC-_Miller,0721,494,476,46.661332485270144,-118.77874680010237,0.5013867616653442
LOC-_Miller,0721,530,538,46.6516212409432,-118.75437956603626,0.6657463312149048
LOC-_Miller,0721,548,524,46.64676561877973,-118.75988184469635,0.5386148691177368
LOC-_Miller,0721,546,529,46.64730513235345,-118.75791674517488,0.5609503388404846
LOC-_Miller,0721,533,505,46.65081197058262,-118.7673492228779,0.6014154553413391
LOC-_Miller,0721,530,525,46.6516212409432,-118.75948882479206,0.6873984336853027
LOC-_Miller,0721,530,541,46.6516212409432,-118.75320050632338,0.7190503478050232
LOC-_Miller,0721,525,524,46.6529700248775,-118.75988184469635,0.7369492650032043
LOC-_Miller,0721,536,525,46.650002700222046,-118.75948882479206,0.5690882802009583
LOC-_Miller,0721,540,543,46.648923673074606,-118.7524144665148,0.5033228397369385
LOC-_Miller,0721,547,509,46.64703537556659,-118.76577714326073,0.5044856071472168
LOC-_Miller,0721,529,503,46.65189099773006,-118.76813526268649,0.659507155418396
LOC-_Miller,0721,531,505,46.65135148415634,-118.7673492228779,0.7345569729804993
LOC-_Miller,0721,531,538,46.65135148415634,-118.75437956603626,0.6282275915145874
LOC-_Miller,0721,531,499,46.65135148415634,-118.76970734230365,0.6425743699073792
LOC-_Miller,0721,545,523,46.64757488914031,-118.76027486460065,0.5430028438568115
LOC-_Miller,0721,543,538,46.64811440271403,-118.75437956603626,0.5306499004364014
LOC-_Miller,0721,543,507,46.64811440271403,-118.76656318306931,0.5621181726455688
LOC-_Miller,0721,533,529,46.65081197058262,-118.75791674517488,0.5231739282608032
LOC-_Miller,0721,513,466,46.65620710631981,-118.7826769991453,0.5585877299308777
LOC-_Miller,0721,528,543,46.65216075451692,-118.7524144665148,0.7801657319068909
LOC-_Miller,0721,526,528,46.65270026809064,-118.75830976507918,0.7407187819480896
LOC-_Miller,0721,527,555,46.65243051130378,-118.74769822766329,0.594903826713562
LOC-_Miller,0721,530,532,46.6516212409432,-118.75673768546201,0.6359109878540039
LOC-_Miller,0721,530,518,46.6516212409432,-118.7622399641221,0.7619916796684265
LOC-_Miller,0721,522,544,46.653779295238074,-118.75202144661051,0.9283711910247803
LOC-_Miller,0721,549,518,46.64649586199287,-118.7622399641221,0.580746054649353
LOC-_Miller,0721,523,540,46.65350953845122,-118.75359352622768,0.9298281669616699
LOC-_Miller,0721,541,514,46.64865391628775,-118.76381204373926,0.5423735976219177
LOC-_Miller,0721,532,513,46.65108172736948,-118.76420506364356,0.7157219052314758
LOC-_Miller,0721,531,515,46.65135148415634,-118.76341902383497,0.7316932082176208
LOC-_Miller,0721,533,512,46.65081197058262,-118.76459808354785,0.6712675094604492
LOC-_Miller,0721,516,486,46.655397835959235,-118.77481660105944,0.8528760075569153
LOC-_Miller,0721,545,530,46.64757488914031,-118.7575237252706,0.5455711483955383
LOC-_Miller,0721,525,534,46.6529700248775,-118.75595164565343,0.8182904720306396
LOC-_Miller,0721,549,526,46.64649586199287,-118.75909580488776,0.5764709711074829
LOC-_Miller,0721,535,509,46.6502724570089,-118.76577714326073,0.5384843349456787
LOC-_Miller,0721,538,533,46.649463186648326,-118.75634466555772,0.6641432642936707
LOC-_Miller,0721,550,520,46.64622610520601,-118.76145392431351,0.601184606552124
LOC-_Miller,0721,510,465,46.65701637668039,-118.78307001904959,0.559097409248352
LOC-_Miller,0721,530,549,46.6516212409432,-118.75005634708904,0.6971833109855652
LOC-_Miller,0721,523,475,46.65350953845122,-118.77913982000666,0.5007579326629639
LOC-_Miller,0721,527,494,46.65243051130378,-118.77167244182512,0.6483463048934937
LOC-_Miller,0721,524,541,46.653239781664354,-118.75320050632338,0.9210087656974792
LOC-_Miller,0721,534,509,46.65054221379576,-118.76577714326073,0.5966554880142212
LOC-_Miller,0721,549,522,46.64649586199287,-118.76066788450493,0.5745293498039246
LOC-_Miller,0721,550,528,46.64622610520601,-118.75830976507918,0.5275578498840332
LOC-_Miller,0721,533,544,46.65081197058262,-118.75202144661051,0.6556164026260376
LOC-_Miller,0721,524,551,46.653239781664354,-118.74927030728045,0.7180148959159851
LOC-_Miller,0721,528,490,46.65216075451692,-118.77324452144228,0.5596445798873901
LOC-_Miller,0721,533,509,46.65081197058262,-118.76577714326073,0.6477491855621338
LOC-_Miller,0721,540,534,46.648923673074606,-118.75595164565343,0.5935607552528381
LOC-_Miller,0721,538,545,46.649463186648326,-118.75162842670622,0.5102864503860474
LOC-_Miller,0721,532,535,46.65108172736948,-118.75555862574913,0.5749809145927429
LOC-_Miller,0721,532,529,46.65108172736948,-118.75791674517488,0.5669344067573547
LOC-_Miller,0721,531,549,46.65135148415634,-118.75005634708904,0.6946663856506348
LOC-_Miller,0721,520,555,46.654318808811794,-118.74769822766329,0.7172579765319824
LOC-_Miller,0721,527,541,46.65243051130378,-118.75320050632338,0.8227377533912659
LOC-_Miller,0721,532,515,46.65108172736948,-118.76341902383497,0.6968573927879333
LOC-_Miller,0721,530,531,46.6516212409432,-118.75713070536631,0.6216964721679688
LOC-_Miller,0721,529,551,46.65189099773006,-118.74927030728045,0.6521319150924683
LOC-_Miller,0721,526,484,46.65270026809064,-118.77560264086803,0.5515680313110352
LOC-_Miller,0721,523,558,46.65350953845122,-118.74651916795041,0.546906590461731
LOC-_Miller,0721,538,528,46.649463186648326,-118.75830976507918,0.6211304664611816
LOC-_Miller,0721,527,532,46.65243051130378,-118.75673768546201,0.6847782731056213
LOC-_Miller,0721,526,535,46.65270026809064,-118.75555862574913,0.8019599318504333
LOC-_Miller,0721,535,527,46.6502724570089,-118.75870278498347,0.5517893433570862
LOC-_Miller,0721,541,527,46.64865391628775,-118.75870278498347,0.6103000640869141
LOC-_Miller,0721,531,528,46.65135148415634,-118.75830976507918,0.6020758748054504
LOC-_Miller,0721,514,556,46.65593734953295,-118.747305207759,0.7176305651664734
LOC-_Miller,0721,541,532,46.64865391628775,-118.75673768546201,0.6034952998161316
LOC-_Miller,0721,546,534,46.64730513235345,-118.75595164565343,0.5172093510627747
LOC-_Miller,0721,527,488,46.65243051130378,-118.77403056125087,0.5726404786109924
LOC-_Miller,0721,519,552,46.65458856559865,-118.74887728737617,0.7623499631881714
LOC-_Miller,0721,523,554,46.65350953845122,-118.74809124756759,0.6525717377662659
LOC-_Miller,0721,528,511,46.65216075451692,-118.76499110345215,0.7094997763633728
LOC-_Miller,0721,522,559,46.653779295238074,-118.74612614804613,0.5311611294746399
LOC-_Miller,0721,530,528,46.6516212409432,-118.75830976507918,0.6363568305969238
LOC-_Miller,0721,526,550,46.65270026809064,-118.74966332718475,0.7435471415519714
LOC-_Miller,0721,537,522,46.64973294343518,-118.76066788450493,0.5669099688529968
LOC-_Miller,0721,526,540,46.65270026809064,-118.75359352622768,0.8480157852172852
LOC-_Miller,0721,544,536,46.647844645927165,-118.75516560584484,0.5383975505828857
LOC-_Miller,0721,522,548,46.653779295238074,-118.75044936699334,0.8728471398353577
LOC-_Miller,0721,551,508,46.64595634841915,-118.76617016316503,0.5424878597259521
LOC-_Miller,0721,522,474,46.653779295238074,-118.77953283991096,0.5379830598831177
LOC-_Miller,0721,551,521,46.64595634841915,-118.76106090440922,0.5480287075042725
LOC-_Miller,0721,522,486,46.653779295238074,-118.77481660105944,0.8069390058517456
LOC-_Miller,0721,550,518,46.64622610520601,-118.7622399641221,0.6022986769676208
LOC-_Miller,0721,551,518,46.64595634841915,-118.7622399641221,0.540706217288971
LOC-_Miller,0721,531,532,46.65135148415634,-118.75673768546201,0.5762283205986023
LOC-_Miller,0721,526,522,46.65270026809064,-118.76066788450493,0.7886582612991333
LOC-_Miller,0721,531,529,46.65135148415634,-118.75791674517488,0.6016334891319275
LOC-_Miller,0721,521,554,46.65404905202494,-118.74809124756759,0.7373563647270203
LOC-_Miller,0721,526,520,46.65270026809064,-118.76145392431351,0.7931851148605347
LOC-_Miller,0721,524,547,46.653239781664354,-118.75084238689763,0.8033692240715027
LOC-_Miller,0721,544,532,46.647844645927165,-118.75673768546201,0.5306487083435059
LOC-_Miller,0721,508,464,46.65755589025411,-118.78346303895387,0.5024312734603882
LOC-_Miller,0721,545,524,46.64757488914031,-118.75988184469635,0.5686222910881042
LOC-_Miller,0721,544,531,46.647844645927165,-118.75713070536631,0.5356153845787048
LOC-_Miller,0721,528,544,46.65216075451692,-118.75202144661051,0.7453433871269226
LOC-_Miller,0721,538,521,46.649463186648326,-118.76106090440922,0.5766591429710388
LOC-_Miller,0721,538,542,46.649463186648326,-118.75280748641909,0.6451134085655212
LOC-_Miller,0721,513,465,46.65620710631981,-118.78307001904959,0.5451175570487976
LOC-_Miller,0721,544,507,46.647844645927165,-118.76656318306931,0.5066589713096619
LOC-_Miller,0721,529,525,46.65189099773006,-118.75948882479206,0.6852966547012329
LOC-_Miller,0721,534,527,46.65054221379576,-118.75870278498347,0.5527761578559875
LOC-_Miller,0721,537,516,46.64973294343518,-118.76302600393069,0.5289226174354553
LOC-_Miller,0721,532,542,46.65108172736948,-118.75280748641909,0.6994351148605347
LOC-_Miller,0721,535,542,46.6502724570089,-118.75280748641909,0.6248193979263306
LOC-_Miller,0721,517,549,46.65512807917237,-118.75005634708904,0.8069438934326172
LOC-_Miller,0721,538,529,46.649463186648326,-118.75791674517488,0.6339707970619202
LOC-_Miller,0721,533,504,46.65081197058262,-118.76774224278219,0.6043742299079895
LOC-_Miller,0721,530,526,46.6516212409432,-118.75909580488776,0.6670834422111511
LOC-_Miller,0721,530,504,46.6516212409432,-118.76774224278219,0.7509860992431641
LOC-_Miller,0721,518,550,46.654858322385515,-118.74966332718475,0.8193939924240112
LOC-_Miller,0721,533,522,46.65081197058262,-118.76066788450493,0.6201277375221252
LOC-_Miller,0721,529,490,46.65189099773006,-118.77324452144228,0.5376842021942139
LOC-_Miller,0721,530,543,46.6516212409432,-118.7524144665148,0.7128923535346985
LOC-_Miller,0721,534,503,46.65054221379576,-118.76813526268649,0.5167009830474854
LOC-_Miller,0721,494,475,46.661332485270144,-118.77913982000666,0.5053014755249023
LOC-_Miller,0721,533,537,46.65081197058262,-118.75477258594056,0.6160030364990234
LOC-_Miller,0721,521,471,46.65404905202494,-118.78071189962382,0.5356099605560303
LOC-_Miller,0721,534,547,46.65054221379576,-118.75084238689763,0.5557011365890503
LOC-_Miller,0721,522,475,46.653779295238074,-118.77913982000666,0.537902295589447
LOC-_Miller,0721,546,508,46.64730513235345,-118.76617016316503,0.5499565005302429
LOC-_Miller,0721,539,527,46.64919342986146,-118.75870278498347,0.6375713348388672
LOC-_Miller,0721,521,487,46.65404905202494,-118.77442358115516,0.7918121218681335
LOC-_Miller,0721,532,502,46.65108172736948,-118.76852828259078,0.6539281010627747
LOC-_Miller,0721,551,515,46.64595634841915,-118.76341902383497,0.5525842905044556
LOC-_Miller,0721,530,493,46.6516212409432,-118.7720654617294,0.5497794151306152
LOC-_Miller,0721,514,554,46.65593734953295,-118.74809124756759,0.7869939208030701
LOC-_Miller,0721,552,518,46.64568659163229,-118.7622399641221,0.5109866261482239
LOC-_Miller,0721,542,519,46.648384159500885,-118.76184694421781,0.6405479907989502
LOC-_Miller,0721,532,501,46.65108172736948,-118.76892130249507,0.6232404112815857
LOC-_Miller,0721,529,538,46.65189099773006,-118.75437956603626,0.6999017000198364
LOC-_Miller,0721,531,546,46.65135148415634,-118.75123540680192,0.6618147492408752
LOC-_Miller,0721,520,484,46.654318808811794,-118.77560264086803,0.7830707430839539
LOC-_Miller,0721,552,519,46.64568659163229,-118.76184694421781,0.5077060461044312
LOC-_Miller,0721,530,513,46.6516212409432,-118.76420506364356,0.7775054574012756
LOC-_Miller,0721,550,508,46.64622610520601,-118.76617016316503,0.5777972340583801
LOC-_Miller,0721,516,559,46.655397835959235,-118.74612614804613,0.5313641428947449
LOC-_Miller,0721,534,502,46.65054221379576,-118.76852828259078,0.5007363557815552
LOC-_Miller,0721,517,487,46.65512807917237,-118.77442358115516,0.8339138627052307
LOC-_Miller,0721,543,513,46.64811440271403,-118.76420506364356,0.5875781774520874
LOC-_Miller,0721,527,551,46.65243051130378,-118.74927030728045,0.7057555317878723
LOC-_Miller,0721,544,517,46.647844645927165,-118.7626329840264,0.5690956115722656
LOC-_Miller,0721,534,544,46.65054221379576,-118.75202144661051,0.6309175491333008
LOC-_Miller,0721,532,514,46.65108172736948,-118.76381204373926,0.7093372344970703
LOC-_Miller,0721,525,483,46.6529700248775,-118.77599566077232,0.5545213222503662
LOC-_Miller,0721,518,559,46.654858322385515,-118.74612614804613,0.540837287902832
LOC-_Miller,0721,542,510,46.648384159500885,-118.76538412335644,0.6413483023643494
LOC-_Miller,0721,530,501,46.6516212409432,-118.76892130249507,0.6577745079994202
LOC-_Miller,0721,534,529,46.65054221379576,-118.75791674517488,0.5523549914360046
LOC-_Miller,0721,529,512,46.65189099773006,-118.76459808354785,0.7481103539466858
LOC-_Miller,0721,544,524,46.647844645927165,-118.75988184469635,0.5859984159469604
LOC-_Miller,0721,531,550,46.65135148415634,-118.74966332718475,0.6649114489555359
LOC-_Miller,0721,534,549,46.65054221379576,-118.75005634708904,0.5258474349975586
LOC-_Miller,0721,539,539,46.64919342986146,-118.75398654613197,0.5527127385139465
LOC-_Miller,0721,543,522,46.64811440271403,-118.76066788450493,0.6260201334953308
LOC-_Miller,0721,531,520,46.65135148415634,-118.76145392431351,0.7061677575111389
LOC-_Miller,0721,545,517,46.64757488914031,-118.7626329840264,0.5228575468063354
LOC-_Miller,0721,544,513,46.647844645927165,-118.76420506364356,0.5220599174499512
LOC-_Miller,0721,537,521,46.64973294343518,-118.76106090440922,0.5527707934379578
LOC-_Miller,0721,523,550,46.65350953845122,-118.74966332718475,0.7761066555976868
LOC-_Miller,0721,530,547,46.6516212409432,-118.75084238689763,0.6610091328620911
LOC-_Miller,0721,522,556,46.653779295238074,-118.747305207759,0.616733729839325
LOC-_Miller,0721,526,530,46.65270026809064,-118.7575237252706,0.7299209237098694
LOC-_Miller,0721,508,466,46.65755589025411,-118.7826769991453,0.5517130494117737
LOC-_Miller,0721,543,528,46.64811440271403,-118.75830976507918,0.6026440262794495
LOC-_Miller,0721,514,489,46.65593734953295,-118.77363754134657,0.8701841235160828
LOC-_Miller,0721,525,530,46.6529700248775,-118.7575237252706,0.746997058391571
LOC-_Miller,0721,530,524,46.6516212409432,-118.75988184469635,0.7047136425971985
LOC-_Miller,0721,533,521,46.65081197058262,-118.76106090440922,0.6202673316001892
LOC-_Miller,0721,516,465,46.655397835959235,-118.78307001904959,0.5113826990127563
LOC-_Miller,0721,528,492,46.65216075451692,-118.77245848163369,0.5756000280380249
LOC-_Miller,0721,538,513,46.649463186648326,-118.76420506364356,0.5067986249923706
LOC-_Miller,0721,547,521,46.64703537556659,-118.76106090440922,0.5389326810836792
LOC-_Miller,0721,533,526,46.65081197058262,-118.75909580488776,0.577294111251831
LOC-_Miller,0721,522,549,46.653779295238074,-118.75005634708904,0.8666224479675293
LOC-_Miller,0721,529,501,46.65189099773006,-118.76892130249507,0.6328343152999878
LOC-_Miller,0721,542,509,46.648384159500885,-118.76577714326073,0.6307476758956909
LOC-_Miller,0721,525,552,46.6529700248775,-118.74887728737617,0.7174926996231079
LOC-_Miller,0721,545,527,46.64757488914031,-118.75870278498347,0.5628901124000549
LOC-_Miller,0721,521,559,46.65404905202494,-118.74612614804613,0.5563476085662842
LOC-_Miller,0721,541,531,46.64865391628775,-118.75713070536631,0.6176208257675171
LOC-_Miller,0721,515,555,46.65566759274609,-118.74769822766329,0.7086840271949768
LOC-_Miller,0721,507,466,46.657825647040966,-118.7826769991453,0.5320079922676086
LOC-_Miller,0721,543,534,46.64811440271403,-118.75595164565343,0.532591700553894
LOC-_Miller,0721,533,513,46.65081197058262,-118.76420506364356,0.6543938517570496
LOC-_Miller,0721,531,493,46.65135148415634,-118.7720654617294,0.5131323933601379
LOC-_Miller,0721,531,547,46.65135148415634,-118.75084238689763,0.6639030575752258
LOC-_Miller,0721,537,549,46.64973294343518,-118.75005634708904,0.501075029373169
LOC-_Miller,0721,540,529,46.648923673074606,-118.75791674517488,0.6190457344055176
LOC-_Miller,0721,533,542,46.65081197058262,-118.75280748641909,0.6208504438400269
LOC-_Miller,0721,535,514,46.6502724570089,-118.76381204373926,0.5918912887573242
LOC-_Miller,0721,528,521,46.65216075451692,-118.76106090440922,0.7430693507194519
LOC-_Miller,0721,529,545,46.65189099773006,-118.75162842670622,0.7185142636299133
LOC-_Miller,0721,529,511,46.65189099773006,-118.76499110345215,0.7401509881019592
LOC-_Miller,0721,529,507,46.65189099773006,-118.76656318306931,0.7094902992248535
LOC-_Miller,0721,519,549,46.65458856559865,-118.75005634708904,0.8320953845977783
LOC-_Miller,0721,530,488,46.6516212409432,-118.77403056125087,0.517264187335968
LOC-_Miller,0721,537,528,46.64973294343518,-118.75830976507918,0.5787280797958374
LOC-_Miller,0721,527,522,46.65243051130378,-118.76066788450493,0.7636690139770508
LOC-_Miller,0721,544,508,46.647844645927165,-118.76617016316503,0.511991024017334
LOC-_Miller,0721,532,498,46.65108172736948,-118.77010036220794,0.5819644927978516
LOC-_Miller,0721,540,536,46.648923673074606,-118.75516560584484,0.5865817070007324
LOC-_Miller,0721,515,554,46.65566759274609,-118.74809124756759,0.7303279042243958
LOC-_Miller,0721,529,508,46.65189099773006,-118.76617016316503,0.7237600088119507
LOC-_Miller,0721,550,507,46.64622610520601,-118.76656318306931,0.563839852809906
LOC-_Miller,0721,528,545,46.65216075451692,-118.75162842670622,0.7634437084197998
LOC-_Miller,0721,522,479,46.653779295238074,-118.77756774038949,0.6769198179244995
LOC-_Miller,0721,527,536,46.65243051130378,-118.75516560584484,0.7685451507568359
LOC-_Miller,0721,545,526,46.64757488914031,-118.75909580488776,0.5830163359642029
LOC-_Miller,0721,517,551,46.65512807917237,-118.74927030728045,0.7943201661109924
LOC-_Miller,0721,537,526,46.64973294343518,-118.75909580488776,0.5881702303886414
LOC-_Miller,0721,544,519,46.647844645927165,-118.76184694421781,0.6017885208129883
LOC-_Miller,0721,546,519,46.64730513235345,-118.76184694421781,0.5180447101593018
LOC-_Miller,0721,537,544,46.64973294343518,-118.75202144661051,0.5817080736160278
LOC-_Miller,0721,525,531,46.6529700248775,-118.75713070536631,0.7418321371078491
LOC-_Miller,0721,543,531,46.64811440271403,-118.75713070536631,0.5380392074584961
LOC-_Miller,0721,544,529,46.647844645927165,-118.75791674517488,0.5393520593643188
LOC-_Miller,0721,541,513,46.64865391628775,-118.76420506364356,0.5236390233039856
LOC-_Miller,0721,536,549,46.650002700222046,-118.75005634708904,0.5081034898757935
LOC-_Miller,0721,546,522,46.64730513235345,-118.76066788450493,0.5462084412574768
LOC-_Miller,0721,532,516,46.65108172736948,-118.76302600393069,0.6976293325424194
LOC-_Miller,0721,527,519,46.65243051130378,-118.76184694421781,0.7630951404571533
LOC-_Miller,0721,527,523,46.65243051130378,-118.76027486460065,0.7545421123504639
LOC-_Miller,0721,533,535,46.65081197058262,-118.75555862574913,0.5855103731155396
LOC-_Miller,0721,522,555,46.653779295238074,-118.74769822766329,0.6561247706413269
LOC-_Miller,0721,533,533,46.65081197058262,-118.75634466555772,0.5510364174842834
LOC-_Miller,0721,535,547,46.6502724570089,-118.75084238689763,0.5131614804267883
LOC-_Miller,0721,529,516,46.65189099773006,-118.76302600393069,0.7462123036384583
LOC-_Miller,0721,531,530,46.65135148415634,-118.7575237252706,0.5790514945983887
LOC-_Miller,0721,524,480,46.653239781664354,-118.7771747204852,0.5785803198814392
LOC-_Miller,0721,540,539,46.648923673074606,-118.75398654613197,0.5638709664344788
LOC-_Miller,0721,543,512,46.64811440271403,-118.76459808354785,0.6002764701843262
LOC-_Miller,0721,543,514,46.64811440271403,-118.76381204373926,0.5907452702522278
LOC-_Miller,0721,517,550,46.65512807917237,-118.74966332718475,0.7908103466033936
LOC-_Miller,0721,545,534,46.64757488914031,-118.75595164565343,0.5366673469543457
LOC-_Miller,0721,526,541,46.65270026809064,-118.75320050632338,0.8405457139015198
LOC-_Miller,0721,527,492,46.65243051130378,-118.77245848163369,0.5926445722579956
LOC-_Miller,0721,534,508,46.65054221379576,-118.76617016316503,0.5895894169807434
LOC-_Miller,0721,543,533,46.64811440271403,-118.75634466555772,0.541654646396637
LOC-_Miller,0721,526,523,46.65270026809064,-118.76027486460065,0.7724412083625793
LOC-_Miller,0721,524,525,46.653239781664354,-118.75948882479206,0.7340922951698303
LOC-_Miller,0721,550,512,46.64622610520601,-118.76459808354785,0.611748218536377
LOC-_Miller,0721,531,523,46.65135148415634,-118.76027486460065,0.6564761996269226
LOC-_Miller,0721,539,523,46.64919342986146,-118.76027486460065,0.5911146402359009
LOC-_Miller,0721,518,554,46.654858322385515,-118.74809124756759,0.7103073596954346
LOC-_Miller,0721,544,510,46.647844645927165,-118.76538412335644,0.5315837264060974
LOC-_Miller,0721,543,504,46.64811440271403,-118.76774224278219,0.5166791677474976
LOC-_Miller,0721,530,542,46.6516212409432,-118.75280748641909,0.7297415137290955
LOC-_Miller,0721,525,547,46.6529700248775,-118.75084238689763,0.8016899228096008
LOC-_Miller,0721,530,505,46.6516212409432,-118.7673492228779,0.7647844552993774
LOC-_Miller,0721,519,486,46.65458856559865,-118.77481660105944,0.8228999376296997
LOC-_Miller,0721,530,517,46.6516212409432,-118.7626329840264,0.7666566371917725
LOC-_Miller,0721,530,523,46.6516212409432,-118.76027486460065,0.7075409293174744
LOC-_Miller,0721,549,516,46.64649586199287,-118.76302600393069,0.5535160303115845
LOC-_Miller,0721,535,523,46.6502724570089,-118.76027486460065,0.5939026474952698
LOC-_Miller,0721,529,520,46.65189099773006,-118.76145392431351,0.7447599768638611
LOC-_Miller,0721,551,523,46.64595634841915,-118.76027486460065,0.5422651767730713
LOC-_Miller,0721,542,520,46.648384159500885,-118.76145392431351,0.6444698572158813
LOC-_Miller,0721,523,481,46.65350953845122,-118.77678170058091,0.6325293779373169
LOC-_Miller,0721,545,522,46.64757488914031,-118.76066788450493,0.5368437170982361
LOC-_Miller,0721,542,514,46.648384159500885,-118.76381204373926,0.6226997375488281
LOC-_Miller,0721,549,508,46.64649586199287,-118.76617016316503,0.5048648715019226
